SKU,Nombre,"Precio normal",Categorías
AC1,"Acrílicos 50cc","2312,835","Artística, Artística > Pinturas"
PT1,"Pintura a la tiza","6551,16","Artística, Artística > Pinturas"
PT9,"Pintura a la tiza 900cc EQ","23717,505","Artística, Artística > Pinturas"
D3D,"Dimensional 3D EQ","3630,165","Artística, Artística > Pinturas"
BDI125,"Barniz al agua EQ","5696,67","Artística, Artística > Pinturas"
LB1,"Laca al agua 375cc EQ","11920,86","Artística, Artística > Pinturas"
PP1,"Pintura pizarron EQ","6635,79","Artística, Artística > Pinturas"
BALAN,"Balancín 90x52x50h","76484,205","TODO PARA INFANTILES > Juegos didácticos, TODO PARA INFANTILES > Muebles infantiles, TODO PARA INFANTILES"
BIM,"Biblioteca montessori triple 50x37x60h","41394,78","TODO PARA INFANTILES > Juegos didácticos, TODO PARA INFANTILES"
CACH,"Camion organizador de autitos","33647,67","TODO PARA INFANTILES > Juegos didácticos, TODO PARA INFANTILES"
CB,"Cuna para bebes","17614,17","TODO PARA INFANTILES > Juegos didácticos, TODO PARA INFANTILES"
"DINO REX","Dinorex puzzle 3D","56458,5","TODO PARA INFANTILES > Juegos didácticos, TODO PARA INFANTILES"
MATE,"Mate y pava para niños","13838,58","TODO PARA INFANTILES > Juegos didácticos, TODO PARA INFANTILES"
EQ,"Muñecos equilibristas","977,55","TODO PARA INFANTILES > Juegos didácticos, TODO PARA INFANTILES"
ROMPEC,"Rompecabezas  leon y huevo de dinosaurio","5987,52","TODO PARA INFANTILES > Juegos didácticos, TODO PARA INFANTILES"
CHANGO,"Carrito super mercado","44626,68","TODO PARA INFANTILES > Muebles infantiles, TODO PARA INFANTILES"
VAG,"Trencito y vagones encastrables","2732,1","TODO PARA INFANTILES > Juegos didácticos, TODO PARA INFANTILES"
MB25,"Baño y ducha para muñecas",0,"TODO PARA INFANTILES > Casas para muñecas, TODO PARA INFANTILES"
MB30,"Vanitory para muñecas",0,"TODO PARA INFANTILES > Casas para muñecas, TODO PARA INFANTILES"
MB1,"Mesa de computación para muñecas.","7350,315","TODO PARA INFANTILES > Casas para muñecas, TODO PARA INFANTILES"
MB31,"Living para muñecas",0,"TODO PARA INFANTILES > Casas para muñecas, TODO PARA INFANTILES"
MB15,"Mesita de luz para muñecas",0,"TODO PARA INFANTILES > Casas para muñecas, TODO PARA INFANTILES"
MB29,"Armario para muñecas",0,"TODO PARA INFANTILES > Casas para muñecas, TODO PARA INFANTILES"
BARBYA,"Casa para muñecas c/ 3 pisos y ascensor 90x30x110h","122248,35","TODO PARA INFANTILES > Casas para muñecas, TODO PARA INFANTILES"
MB23,"Casa para muñecas repisa c/ 3 pisos",0,"TODO PARA INFANTILES > Casas para muñecas, TODO PARA INFANTILES"
MPVM,"Estantería melamina y pino con vidrio 30x40x120h","192767,61","Muebles > Estanterías, Muebles"
ENMP,"Escritorio nórdico c/ dos cajones 120x40x77h","203627,865","Muebles > Escritorios y tocadores, Muebles"
ENMF,"Escritorio melamina y Fibro fácil","147321,93","Muebles > Escritorios y tocadores, Muebles"
MR4080,"Mesa ratona recta 80cm x 40cm x 45cm (h)","64072,1235","Muebles > Mesas ratonas, Muebles"
MRG,"Mesa ratona en gota 90cm x 60cm x 45cm (alto)","71245,44","Muebles > Mesas ratonas, Muebles"
MR,"Mesa ratona triangular 80cm x 80cm x 45cm (alto)",,"Muebles > Mesas ratonas, Muebles"
MB19G,"Cocina para barbie completa",0,"TODO PARA INFANTILES > Casas para muñecas, TODO PARA INFANTILES"
CCH,"Cocina para niños 40x35x50(h)","38751,93","TODO PARA INFANTILES > Muebles infantiles, TODO PARA INFANTILES"
SAC,"Silla alta para comer","44896,425","TODO PARA INFANTILES > Muebles infantiles, TODO PARA INFANTILES"
MCHC,"Mesa cuadrada c/ pizarrón y cajón 60x60 x 46 (h)","37617,615","TODO PARA INFANTILES > Muebles infantiles, TODO PARA INFANTILES"
BAN,"Banco quincho",,"Muebles > Bancos y escaleras, Muebles"
MPCF,"Mesa pata curva FF",,"Muebles > Mesas y barras, Muebles, Muebles > Muebles recibidores"
ECCH,"Escritorio espejo corona 40x33x110 (h)","100677,675","TODO PARA INFANTILES > Muebles infantiles, TODO PARA INFANTILES"
BCH,"Banquito de pino para niños 30x30x30h","26026,665","TODO PARA INFANTILES > Muebles infantiles, TODO PARA INFANTILES"
MCHN,"Mesa de niños nordica de melamina 70x40x45 (h)","59802,435","TODO PARA INFANTILES > Muebles infantiles, TODO PARA INFANTILES"
SCHN,"Silla para niños nórdica de melamina 35x35x35 (h)","35679,945","TODO PARA INFANTILES > Muebles infantiles, TODO PARA INFANTILES"
SCH1,"Sillon de niño en pino 40x33x55 (h)","20386,905","TODO PARA INFANTILES > Muebles infantiles, TODO PARA INFANTILES"
MCH,"Mesita para chicos de Fibro Fácil 60x60x46 (h)","23671,725","TODO PARA INFANTILES > Muebles infantiles, TODO PARA INFANTILES"
MRCH,"Mesa para chicos redonda 60cm x 45 (h)","23671,725","TODO PARA INFANTILES > Muebles infantiles, TODO PARA INFANTILES"
BP,"Banco de plaza para niños 80x35x52h","44864,4","TODO PARA INFANTILES > Muebles infantiles, TODO PARA INFANTILES"
JA,"Juguetero apilable","27440,175","TODO PARA INFANTILES > Muebles infantiles, TODO PARA INFANTILES"
MO,"Mesa ratona ovalada 90cm x 60cm x 45cm (h)","80153,64","Muebles > Mesas ratonas, Muebles"
BBP,"Bandeja batea pino",,"TODO en accesorios para hogar > Bandejas y tablas, Especial SAN VALENTÍN♡, TODO en accesorios para hogar"
BBCMG,"Bandeja batea FF",,"TODO en accesorios para hogar > Bandejas y tablas, TODO en accesorios para hogar"
MRM60,"Mesa ratona redonda 60cm(ø) x 45cm(h)","80206,539","Muebles > Mesas ratonas, Muebles"
MCB,"Mesa ratona cubo 80cmx 40cmx 45cm(h)","83920,095","Muebles > Mesas ratonas, Muebles"
MCHCO,"Mesa pino 60cm(ø) x45cm(h)","59665,515","Muebles > Mesas ratonas, Muebles"
A303,"Atril de mesa profesional - 45cm x 55cm","19290,705","Artística, Artística > Productos para artistica"
A300,"Atril de pie grande - 60cm x 40cm x 190cm","42079,905","Artística, Artística > Productos para artistica"
A301,"Atril de pie mediano - 60cm x 35cm x 140cm","36648,36","Artística, Artística > Productos para artistica"
BMM,"Bajo mesada completo para niños - 113 x 35 x 50 (h).","79155,825","TODO PARA INFANTILES > Muebles infantiles, TODO PARA INFANTILES"
MLN,"Mesa nordica con un cajon 30x40x60h","71045,1","Muebles > Mesas de luz, Muebles"
BMCH,"Bajo mesada niño 50x35x60 (h)","55353,69","TODO PARA INFANTILES > Muebles infantiles, TODO PARA INFANTILES"
BAM,"Banco en pino y melamina 30x30x45 (h)","42707,91","Muebles > Bancos y escaleras > Banquetas, Muebles"
BFFF,"Baúl FF",,"TODO en accesorios para hogar > Baules, TODO en accesorios para hogar"
BE,"Banco escalera rebatible 40X30X65 (h)","86961,84",Muebles
BAN180,"Banco quincho - 180cm x 30cm x 50cm","98042,805",
BAN120,"Banco quincho - 120cm x 30cm x 50cm","83260,905",
BRP80,"Banco recibidor 80 x 30 x 50h","68896,695","Muebles > Bancos y escaleras, Muebles, Muebles > Muebles recibidores"
MPCF3080C,"Mesa pata curva FF - 30cm x 80cm","81809,49",
MPCF40100C,"Mesa pata curva FF - 40cm x 100cm","101185,77",
MPCF4080C,"Mesa pata curva FF - 40cm x 80cm","92574,195",
BBP2030,"Bandeja batea pino - 20cm x 30cm","5582,745",
BBP3030,"Bandeja batea pino - 30cm x 30cm","6871,095",
BBP2020,"Bandeja batea pino - 20cm x 20cm","4723,845",
BI,"Biblioteca alta FF",,"Muebles > Estanterías, Muebles"
BBG,"Bandeja batea FF - 20cm x 20cm","12574,8",
BBM,"Bandeja batea FF - 20cm x 35cm","10059,945",
BBC,"Bandeja batea FF - 14cm x 14cm","7544,88",
BAR,"Banqueta alta con respaldo 30 x 30 75 (h)","55975,185","Muebles > Bancos y escaleras > Banquetas, Muebles"
BA,"Banqueta alta recta 30 x 30 x 45 (h)","45848,145","Muebles > Bancos y escaleras > Banquetas, Muebles"
BAB,"Banqueta baja 20cm x 30cm x 40 (h)","32132,1","Muebles > Bancos y escaleras > Banquetas, Muebles"
BCHF,"Banquito FF 30 x 30 x 40 (h)","14953,785","TODO PARA INFANTILES > Muebles infantiles, TODO PARA INFANTILES"
BAV,"Banco vintage 30ø x 45 (h)","31403,82","Muebles > Bancos y escaleras > Banquetas, Muebles"
BP100,"Banco de plaza para niños 80x35x52h","79632,315",
BP60,"Banco de plaza para niños 80x35x52h","65048,97",
BP80,"Banco de plaza para niños 80x35x52h","70656,6",
MPLEW,"Mesa plegable chica 60x60",20223,"Muebles > Mesas y barras, Muebles"
MPLEWG,"Mesa plegable grande 60x 80x 55h","42747,2745","Muebles > Mesas y barras, Muebles"
MRV,"Mesa redonda varillada",,"Muebles > Mesas y barras, Muebles"
BI80,"Biblioteca alta FF - 80cm x 30cm x183h","145453,98",
BI70,"Biblioteca alta FF - 70cm x 30cm x 183h","132798,225",
BI60,"Biblioteca alta FF - 60cm x 30cm x 183h","120569,085",
BI50,"Biblioteca alta FF - 50cm x 30cm x 183h","108320,835",
BI40,"Biblioteca alta FF - 40cm x 30cm x 183h","96091,695",
BI30,"Biblioteca alta FF - 30cm x 30cm x 183h","84018,165",
BIMC,"Biblioteca Montessori simple - 50x25x40h","20937,21","TODO PARA INFANTILES > Juegos didácticos, Muebles, Muebles > Repisas"
BO18,"Bodega 18 botellas - 50x32x80h","87653,685","TODO en accesorios para hogar > Bodegas, TODO en accesorios para hogar"
MRP100,"Mesa recibidora 100x30x75h","84206,955","Muebles > Mesas y barras, Muebles, Muebles > Muebles recibidores"
BO9,"Bodega 9 botellas con porta copas - 40x32x76h","78216,075","TODO en accesorios para hogar > Bodegas, TODO en accesorios para hogar"
BO10,"Bodega barril 10 botellas - 35x30x68h","55570,725","TODO en accesorios para hogar > Bodegas, TODO en accesorios para hogar"
EJF,"Estante en J FF",,"Muebles, Muebles > Repisas"
P,"Perchero gancho recto",,"TODO en accesorios para hogar > Percheros, TODO en accesorios para hogar"
BD,"Bodega mesa 21 botellas - 100x30x76h","151577,265","TODO en accesorios para hogar > Bodegas, TODO en accesorios para hogar"
BOA,"Bodegas Apilable 3 botellas - 40x22x14h","10974,495","TODO en accesorios para hogar > Bodegas, TODO en accesorios para hogar"
MRV60,"Mesa redonda varillada - 35cm x 60cm","52285,8",
MRV80,"Mesa redonda varillada - 35cm x 80cm","57413,895",
CABE,"Caballete de pino 2x1 - 55x50x80h","25952,85","TODO en accesorios para hogar > Caballetes, TODO en accesorios para hogar"
CFJ,"Cajón juguetero - 60x40x41h","37683,45","TODO PARA INFANTILES > Muebles infantiles, TODO PARA INFANTILES"
CALEC,"Calesita souvenir","4920,825","Candy bar y LASER, TODO en accesorios para hogar"
CALEG,"Calesita grande - 20cm x 25cm (h)","12059,985","Candy bar y LASER, TODO en accesorios para hogar"
EJP,"Estante J pino",,"Muebles, Muebles > Repisas"
PERFE,"Perchero de feria plegable",,"TODO en accesorios para hogar > Percheros, TODO en accesorios para hogar"
PAR,"Parrilla para caballete 40x35","9639,63","TODO en accesorios para hogar > Caballetes, TODO en accesorios para hogar"
ESPHOCO,"Espejo Hollywood completo 60x30x60h","53368,455",Muebles
EJF80,"Estante en J FF - 80CM X 10CM X 7CM","7817,565",
EJF60,"Estante en J FF - 60CM X 10CM X 7CM","5863,2",
EJF40,"Estante en J FF - 40CM X 10CM X 7CM","3908,73",
ETMB,"Estantería Triple Melamina",,"Muebles > Estanterías, Muebles"
P2,"Perchero gancho recto - 30cm x 10cm","6918,45",
P3,"Perchero gancho recto - 40cm x 10cm","9874,725",
P4,"Perchero gancho recto - 60cm x 10cm","13324,71",
P5,"Perchero gancho recto - 75cm x 10cm","16612,575",
P6,"Perchero gancho recto - 90cm x 10cm","19903,905",
EJP80,"Estante J pino - 80CM X 10CM X 7CM","14982,135",
EJP60,"Estante J pino - 60CM X 10CM X 7CM","11705,82",
EJP40,"Estante J pino - 40CM X 10CM X 7CM","7803,915",
EMB40,"Estante melamina escalonada - 40x40x110h","79837,38","Muebles > Estanterías, Muebles"
M,"Ménsula clásica/nórdica",,"TODO en accesorios para hogar > Mensulas, TODO en accesorios para hogar"
PERFE60,"Perchero de feria plegable - 60cm x 120cm","71778,21",
PERFE80,"Perchero de feria plegable - 80cm x 120cm","78507,345",
PERFE100,"Perchero de feria plegable - 100cm x 120cm","82993,47",
ETMB40,"Estantería Triple Melamina - 40cm x 40cm x 100cm","81641,49",
ETMB60,"Estantería Triple Melamina - 60cm x 40cm x 100cm","94816,26",
ETMB80,"Estantería Triple Melamina - 80cm x 40cm x 100cm","105059,745",
FR,"Figura con ruedas chicas","2097,375","TODO PARA INFANTILES > Juegos didácticos, TODO PARA INFANTILES"
FRM,"Figuras con ruedas mediana","2832,585","TODO PARA INFANTILES > Juegos didácticos, TODO PARA INFANTILES"
FRG,"Figuras con ruedas grandes","3689,805","TODO PARA INFANTILES > Juegos didácticos, TODO PARA INFANTILES"
HCH,"Heladera para niños 30 x 30 x 92 (h)","73198,545","TODO PARA INFANTILES > Muebles infantiles, TODO PARA INFANTILES"
HCHP,"Heladera para niños chica 20 x 30 x 60 (h)","48711,18","TODO PARA INFANTILES > Muebles infantiles, TODO PARA INFANTILES"
PP,"Perchero de pie",,"TODO en accesorios para hogar > Percheros, TODO en accesorios para hogar"
MEM,"Macetero escalonado de melamina - 25x40x63h","29715,84","Muebles > Estanterías, Muebles"
M10,"Ménsula clásica/nórdica - 10cm","4213,23",
M15,"Ménsula clásica/nórdica - 15cm","5580,33",
M20,"Ménsula clásica/nórdica - 20cm","6291,6",
M25,"Ménsula clásica/nórdica - 25cm","7864,5",
M30,"Ménsula clásica/nórdica - 30cm","15251,88",
MLNM,"Mesa de luz nórdica melamina - 40cm x 30cm x 60h","89722,71","Muebles > Mesas de luz, Muebles"
MB40100,"Mesa barra - 40x100h","180842,655","Muebles > Mesas y barras, Muebles"
MCM,"Mesa comedor melamina 120x80x80h","178442,25","Muebles > Mesas y barras, Muebles"
MLN2,"Mesa de luz nórdica de 2 cajones con estante abajo - 30x40x60h","83962,305","Muebles > Mesas de luz, Muebles"
PN,"Perchero nórdico",,"TODO en accesorios para hogar > Percheros, TODO en accesorios para hogar"
PM,"Pie de maceta",,"TODO en accesorios para hogar > Porta macetas, TODO en accesorios para hogar"
MLCFC,"Mesa de luz pata curva FF - 30x50","78601,53","Muebles > Mesas de luz, Muebles"
ML,"Mesa de luz de pino alta 40 x 30 x 75h","67382,28","Muebles > Mesas de luz, Muebles"
CFP2,"Mesa de pino flotante 40x30x26h","59668,035","Muebles > Mesas de luz, Muebles"
PPG,"Perchero de pie c/ gancho doble - 160cm (alto)","64734,39","TODO en accesorios para hogar > Percheros, TODO en accesorios para hogar"
PPCH,"Perchero de pie - 120cm (alto)","51715,44",
PJE3,"Perchero J c/ estantes 3 ganchos - 45cm x 12cm x 9h","10352,58","TODO en accesorios para hogar > Percheros, TODO en accesorios para hogar"
PN10,"Perchero nórdico - 45cm x 180cm","39723,327",
PN15,"Perchero nórdico - 60cm x 180cm","47882,6775",
PRED,"Perchero recibidor redondo - 20d x 20h","18317,46","TODO en accesorios para hogar > Percheros, TODO en accesorios para hogar"
RH,"Repisa hexagonal",,"Muebles, Muebles > Repisas"
R17,"Repisas melamina",,"Muebles, Muebles > Repisas"
PM30,"Pie de maceta - 30cm","7913,535",
PM40,"Pie de maceta - 40cm","9672,075",
PM50,"Pie de maceta - 50cm","11430,615",
PM60,"Pie de maceta - 60cm","13189,26",
PM70,"Pie de maceta - 70cm","14916,405",
RHP,"Repisa hexagonal - 12cm x 40cm","14976,885",
RHPC,"Repisa hexagonal - 10cm x 35cm","13104,735",
E4MB,"Estante cuadrado de melamina",,"Muebles > Estanterías, Muebles"
VM,"Vuelta al mundo",,"Candy bar y LASER, TODO en accesorios para hogar"
R1740,"Repisas melamina - 40cm x 17cm","13458,48",
R1760,"Repisas melamina - 60cm x 17cm","15701,49",
R1780,"Repisas melamina - 80cm x 17cm",17976,
RM100,"Estantería melamina 50x100x20","90922,755","Muebles > Estanterías, Muebles"
E4MB30,"Estante cuadrado de melamina - 30CM X 30CM X 100CM","68645,535",
RTP,"Repisa triangulo 12x40",0,"Muebles, Muebles > Repisas"
ROMPEG,"Rompe cabezas Leon/velero/tortuga","7366,8","TODO PARA INFANTILES > Juegos didácticos, TODO PARA INFANTILES"
CAJ,"Cajonera - 50x50x15",,"Muebles > Cajoneras, Muebles"
PIZ,"Pizarrón doble",,"TODO en accesorios para hogar > Pizarras, TODO en accesorios para hogar"
SCHCO,"Silla conejo/mariposa 28x45h","25693,29","TODO PARA INFANTILES > Muebles infantiles, TODO PARA INFANTILES"
SCHM,"Sillón de chicos mecedor 30x60x50h","20999,895","TODO PARA INFANTILES > Muebles infantiles, TODO PARA INFANTILES"
TATC,"Torre apilable triple","11786,88","TODO PARA INFANTILES > Juegos didácticos, TODO PARA INFANTILES"
TAM,"Torre de aprendizaje Montessori - 45x50x93h","149615,445","TODO PARA INFANTILES > Juegos didácticos, TODO PARA INFANTILES"
VMC,"Vuelta al mundo - 30cm x 12cm x 33cm","10834,005",
VMG,"Vuelta al mundo - 35cm x 12cm x 45cm","17114,58",
PCZG,"Zapatero pie de cama pino - 120CM","117498,99","Muebles, Muebles > Zapateros"
PCZC,"Zapatero pie de cama pino - 60CM","56089,11","Muebles, Muebles > Zapateros"
REE,"Repisa exhibidora escalera",,"Muebles > Estanterías, Muebles"
RE6,"Repisa especiero",,"Muebles, Muebles > Repisas"
CAJ2,"Cajonera - 50x50x15 - 2 cajones","78507,345",
CAJ3,"Cajonera - 50x50x15 - 3 cajones","100938,075",
CAJ4,"Cajonera - 50x50x15 - 4 cajones","125611,815",
CAJ6,"Cajonera - 50x50x15 - 6 cajones","172716,18",
PIZC,"Pizarrón doble - 50cm x 100cm","38929,905",
PIZG,"Pizarrón doble - 60cm x 120cm","54489,645",
PPLE,"Puerta plegable cuida bebe - 95 a 130","111226,29","TODO PARA INFANTILES > Muebles infantiles, TODO PARA INFANTILES"
REEG,"Repisa exhibidora escalera - 40CM X 25CM X 150CM","67292,085",
REM,"Repisa exhibidora mini - 32cm x 20cm x 40h","12234,915","Muebles, Muebles > Repisas"
C,"Caballito de pino",,"TODO PARA INFANTILES > Juegos didácticos, TODO PARA INFANTILES"
ER,"Estante rejilla pino",,"Muebles > Estanterías, Muebles"
CANDY,"Mesa candy bar FF",,"Candy bar y LASER, TODO en accesorios para hogar"
RE,"Repisa especiero - 40CM X 11CM X 9CM","7817,565",
RE60,"Repisa especiero - 60CM x11CM x9CM","11702,46",
BARBYT,"Casa barbie con terraza - 90x35x120h","141103,62","TODO PARA INFANTILES > Casas para muñecas, TODO PARA INFANTILES"
BARBYP,"Casa barbie techo desmontable - 60x30x90h","51327,57","TODO PARA INFANTILES > Casas para muñecas, TODO PARA INFANTILES"
CA,"Caballito de pino - 50cm x 50cm","42692,895",
CAXL,"Caballito de pino - 70cm x 70cm","49347,48",
ER60,"Estante rejilla pino - 60cm x 30cm x 120cm","80082,135",
ER80,"Estante rejilla pino - 80cm x 30cm x 120cm","93667,56",
MAR,"Marco repisa pino",,"Muebles, Muebles > Repisas"
CANDYM,"Mesa candy bar FF - 40cm x 100cm","40711,65",
CANDYG,"Mesa candy bar FF - 40cm x 120cm","50211,105",
CANDYC,"Mesa candy bar FF - 40cm x 80cm","31212,3",
ERB,"Estante rejilla brazos - 90x30x120h","80082,135","Muebles > Estanterías, Muebles"
BUR,"Burrito escalera","54753,72","Muebles > Bancos y escaleras > Banquetas, Muebles"
ESC2,"Escalera rebatible 30x30x30h","24692,85",Muebles
BB,"Biblioteca baja",,"Muebles > Estanterías, Muebles"
MP,"Macetero pino",,"Muebles > Estanterías, Muebles"
BO5,"Bodega redonda 5 botellas - 50cm x 60cm x 60cm","59562,3","TODO en accesorios para hogar > Bodegas, TODO en accesorios para hogar"
MARG,"Marco repisa pino - 30CM X 30CM","5741,4",
MARC,"Marco repisa pino - 20CM X 30CM","4784,535",
MPG,"Macetero pino - 40CM X 30CM X 150CM","85236,585",
CAN,"Cajonera FF 30x40",,"Muebles > Cajoneras, Muebles"
CIR,"Círculos FF5",,"Artística, Artística > Productos para artistica"
MPCH,"Macetero pino - 40CM X 30CM X 100CM","78507,345",
CAN2,"Cajonera FF 30x40 - 2 cajones","56174,895",
CAN3,"Cajonera FF 30x40 - 3 cajones","78644,895",
CAN4,"Cajonera FF 30x40 - 4 cajones","101114,895",
,"Cajonera FF 30x40 - 5 cajones",0,
CAN6,"Cajonera FF 30x40 - 6 cajones","113449,77",
S147,"Porta muffins 3 pisos 35x45h","11302,2","Candy bar y LASER, TODO en accesorios para hogar"
PMFF5,"Porta muffins grande","19587,225","Candy bar y LASER, TODO en accesorios para hogar"
RER,"Repisa escalonada con ruedas","113172,99","Muebles > Estanterías, Muebles"
ESR,"Circulos de espejos",,"Artística, Artística > Productos para artistica"
CIR10,"Círculos FF5 - 10CM","552,615",
CIR15,"Círculos FF5 - 15CM","1094,52",
CIR20,"Círculos FF5 - 20CM","1397,76",
CIR25,"Círculos FF5 - 25CM","2631,405",
CIR30,"Círculos FF5 - 30CM","3830,085",
CIR35,"Círculos FF5 - 35CM","4179,945",
CIR40,"Círculos FF5 - 40CM","5385,87",
CIR45,"Círculos FF5 - 45CM","5839,785",
CIR50,"Círculos FF5 - 50CM","7784,07",
CIR55,"Círculos FF5 - 55CM","9167,865",
AR3,"Aros FF3",,"Artística, Artística > Productos para artistica"
AR5,"Aros FF5",,"Artística, Artística > Productos para artistica"
ESR7,"Circulos de espejos - 7CM","930,72",
ESR10,"Circulos de espejos - 10CM","1660,995",
ESR15,"Circulos de espejos - 15CM","3576,72",
ESR20,"Circulos de espejos - 20CM","5981,535",
ESR25,"Circulos de espejos - 25CM","9009,315",
ESR30,"Circulos de espejos - 30CM","12655,125",
ESR35,"Circulos de espejos - 35CM","16931,145",
ESR40,"Circulos de espejos - 40CM","21800,415",
AR510,"Aros FF5 - 10CM","744,261",
A3,"Atril triangular de mesa",,"Artística, Artística > Productos para artistica"
BF,"Bastidor plegado FF5",,"Artística, Artística > Productos para artistica"
A307,"Atril triangular de mesa - De mesa chico","13463,205",
B,"Bastidor para bordado",,"Artística, Artística > Productos para artistica"
CL,"Círculos FF3",,"Artística, Artística > Productos para artistica"
PFF3,"Placa MDF 3mm",,"Placas de madera y cortes"
BMB,"Bastidor para bordado - 20CM","7167,93",
BCB,"Bastidor para bordado - 25CM","4943,4",
BGB,"Bastidor para bordado - 15CM","10306,59",
EMCP,"Escritorio melamina y caballetes 140x60x82h",128919,"Muebles > Escritorios y tocadores, Muebles"
BA1,"Bases EQ 200cc","5146,26","Artística, Artística > Pinturas"
CL7,"Círculos FF3 - 7CM","306,705",
CL10,"Círculos FF3 - 10CM","474,075",
CL15,"Círculos FF3 - 15CM","770,385",
pmdf5,"Placa MDF 5.5mm",,"Placas de madera y cortes"
PMDF9,"Placa MDF 9mm",,"Placas de madera y cortes"
PMDF12,"Placa MDF 12mm",,"Placas de madera y cortes"
PMDF15,"Placa MDF 15mm",,"Placas de madera y cortes"
CL20,"Círculos FF3 - 20CM","986,475",
CL25,"Círculos FF3 - 25CM","1997,31",
CL30,"Círculos FF3 - 30CM","2907,135",
CL35,"Círculos FF3 - 35CM","3172,05",
CL55,"Círculos FF3 - 55CM","7487,34",
CL50,"Círculos FF3 - 50CM","6239,52",
CL45,"Círculos FF3 - 45CM","4677,855",
CL40,"Círculos FF3 - 40CM","4088,7",
CL60,"Círculos FF3 - 60CM","8735,265",
CL8,"Círculos FF3 - 8CM","359,1",
CL9,"Círculos FF3 - 9CM","393,855",
PMDF18,"Placa MDF 18mm",,"Placas de madera y cortes"
PFB3,"Fibro Plus blanco 3mm",,"Placas de madera y cortes"
PFN3,"Fibro Plus negro 3mm",,"Placas de madera y cortes"
POSB,"Placa OSB 9.5mm",,"Placas de madera y cortes"
PMDF31,"Placa MDF 3mm - Placa entera","23506,1",
PMDF32,"Placa MDF 3mm - 1/2 placa","15278,96",
pmdf51,"Placa MDF 5.5mm - Placa entera","32679,38",
pmdf52,"Placa MDF 5.5mm - 1/2 placa","21241,6",
PMDF91,"Placa MDF 9mm - Placa entera","45313,98",
PMDF92,"Placa MDF 9mm - 1/2 placa","29454,09",
PMDF121,"Placa MDF 12mm - Placa entera","58493,52",
PMDF122,"Placa MDF 12mm - 1/2 placa","38020,79",
PTB15,"Tablero de pino 15mm",,"Placas de madera y cortes"
PTB18,"Tablero de pino 18mm",,"Placas de madera y cortes"
PTB21,"Tablero de pino 21mm",,"Placas de madera y cortes"
PTB30,"Tablero de pino 30mm",,"Placas de madera y cortes"
PMDF151,"Placa MDF 15mm - Placa entera","71829,34",
PMDF152,"Placa MDF 15mm - 1/2 placa","46689,07",
PMDF181,"Placa MDF 18mm - Placa entera","86290,6",
PMDF182,"Placa MDF 18mm - 1/2 placa","56088,89",
PFB31,"Fibro Plus blanco 3mm - Placa entera","38734,36",
PFB32,"Fibro Plus blanco 3mm - 1/2 placa","25177,33",
PFN31,"Fibro Plus negro 3mm - Placa entera","42630,01",
PFN32,"Fibro Plus negro 3mm - 1/2 placa","27709,5",
POSB1,"Placa OSB 9.5mm - Placa entera","34612,23",
POSB2,"Placa OSB 9.5mm - 1/2 placa","22497,95",
PTB151,"Tablero de pino 15mm - Placa entera",79113,
PTB152,"Tablero de pino 15mm - 1/2 placa","51423,45",
PTB181,"Tablero de pino 18mm - Placa entera",93228,
PTB182,"Tablero de pino 18mm - 1/2 placa","60598,2",
PTB211,"Tablero de pino 21mm - Placa entera",97020,
PTB212,"Tablero de pino 21mm - 1/2 placa",63063,
PTB301,"Tablero de pino 30mm - Placa entera",158946,
PTB302,"Tablero de pino 30mm - 1/2 placa",103314,
AR513,"Aros FF5 - 13CM","803,04",
AR515,"Aros FF5 - 15CM","1147,251",
AR520,"Aros FF5 - 20CM","1554,462",
AR525,"Aros FF5 - 25CM","1962,702",
AR530,"Aros FF5 - 30CM","2688,105",
AR535,"Aros FF5 - 35CM","2735,208",
AR527,"Aros FF5 - 27CM","2628,234",
AR523,"Aros FF5 - 23CM","1683,612",
AR540,"Aros FF5 - 40CM","3548,5485",
AR550,"Aros FF5 - 50CM","4072,4565",
AR517,"Aros FF5 - 17CM","1345,533",
,"Aros FF5",0,
AR310,"Aros FF3 - 10CM","268,401",
AR313,"Aros FF3 - 13CM","400,869",
AR315,"Aros FF3 - 15CM","476,973",
AR320,"Aros FF3 - 20CM","779,499",
AR325,"Aros FF3 - 25CM","810,285",
AR330,"Aros FF3 - 30CM","1491,903",
AR335,"Aros FF3 - 35CM","2007,81",
,"Aros FF3 - 50CM",0,
AR343,"Aros FF3 - 45CM","2220,6345",
AR340,"Aros FF3 - 40CM","2130,912",
A306,"Atril triangular de mesa - De mesa grande",0,
A308,"Atril triangular de mesa - Souvenir",0,
BB70,"Biblioteca baja - 30cm x 70cm x 92cm","75192,6",
BB60,"Biblioteca baja - 30cm x 60cm x 92cm","67772,04",
BB50,"Biblioteca baja - 30cm x 50cm x 92cm","60345,81",
BB40,"Biblioteca baja - 30cm x 40cm x 92cm","52938,795",
BB80,"Biblioteca baja - 30cm x 80cm x 92cm","94005,66",
BB30,"Biblioteca baja - 30cm x 30cm x 92cm","45510,045",
MR60,"Mesa ratona triangular 80cm x 80cm x 45cm (alto) - 60cm x 60cm x 45cm (h)","69949,005",
MR80,"Mesa ratona triangular 80cm x 80cm x 45cm (alto) - 80cm x 80cm x 45cm (h)","98848,512",
BPV,"Bandeja con patas y porta vaso","27664,56","TODO en accesorios para hogar > Bandejas y tablas, Especial SAN VALENTÍN♡, TODO en accesorios para hogar"
,"Bandeja de pino recta",,"TODO en accesorios para hogar > Bandejas y tablas, Especial SAN VALENTÍN♡, TODO en accesorios para hogar"
BPG,"Bandeja de pino recta - 20cm x 30cm","19066,11",
BPC,"Bandeja de pino recta - 30cm x 40cm","15701,49",
,"Bandeja de fibro facil bastidor",,"TODO en accesorios para hogar > Bandejas y tablas, Especial SAN VALENTÍN♡, TODO en accesorios para hogar"
BB2020,"Bandeja de fibro facil bastidor - 20cm x 20cm","2718,87",
BB2030,"Bandeja de fibro facil bastidor - 20cm x 30cm","3262,665",
BB2535,"Bandeja de fibro facil bastidor - 25cm x 35cm","4079,67",
BB3040,"Bandeja de fibro facil bastidor - 30cm x 40cm","5153,295",
BFP,"Bandeja FF con patas","20055,84","TODO en accesorios para hogar > Bandejas y tablas, Especial SAN VALENTÍN♡, TODO en accesorios para hogar"
,"Escritorio nórdico 1 cajón",,"Muebles > Escritorios y tocadores, Muebles"
MPQ180,"Mesa para quincho de melamina y pino","203914,935","Muebles > Mesas y barras, Muebles"
,"Cubo pino",,"Muebles > Estanterías, Muebles"
CP2020,"Cubo pino - 20cm x 20cm x 20cm","12642,735",
CP2030,"Cubo pino - 20cm x 30cm x 20cm","15741,81",
CP2040,"Cubo pino - 20cm x 40cm x 20cm","16190,685",
CP3030,"Cubo pino - 30cm x 30cm x 20cm","18896,115",
CP4040,"Cubo pino - 40cm x 40cm x 20cm","25829,265",
ARCOIRIS,"Arcoiris Montessori","8012,55","TODO PARA INFANTILES > Juegos didácticos, TODO PARA INFANTILES"
,"Espejo de cuerpo entero varillado",,"Muebles > Espejos, Muebles"
EV120,"Espejo de cuerpo entero varillado - 120cm x 183cm","339858,225",
EV80,"Espejo de cuerpo entero varillado - 80cm x 183cm","315388,395",
,"Mesa de arrime varillada",,"Muebles > Mesas y barras, Muebles, Muebles > Muebles recibidores"
,"Mesa de arrime varillada - 100cm x 30cm x 80cm",0,
,"Mesa de arrime varillada - 100cm x 40cm x 80cm",0,
MUCM,"Rack TV multicubo","185377,185","Muebles > Estanterías, Muebles, Muebles > Muebles recibidores"
EEMC,"Estantería escalonada con cajon","157563,945","Muebles > Estanterías, Muebles"
MPM2C,"Mesa recibidora melamina y pino","156334,815","Muebles > Mesas y barras, Muebles, Muebles > Muebles recibidores"
MP2C,"Mesa recibidora pino","136491,495","Muebles > Mesas y barras, Muebles, Muebles > Muebles recibidores"
,"Caja fibro con broche",,"TODO en accesorios para hogar > Cajas y organizadores, TODO en accesorios para hogar"
F10155,"Caja fibro con broche - 10cm x 15cm x 5cm","6773,76",
F15205,"Caja fibro con broche - 15cm x 20cm x 5cm","9679,635",
F202010,"Caja fibro con broche - 20cm x 20cm x 10cm","16347,24",
F20207,"Caja fibro con broche - 20cm x 20cm x 7cm","16347,24",
F202510,"Caja fibro con broche - 20cm x 25cm x 10cm","17604,72",
F20257,"Caja fibro con broche - 20cm x 25cm x 7cm","16347,24",
F203010,"Caja fibro con broche - 20cm x 30cm x 10cm",17976,
F20307,"Caja fibro con broche - 20cm x 30cm x 7cm","16852,5",
,"Caja organizador",,"TODO en accesorios para hogar > Cajas y organizadores, TODO en accesorios para hogar"
ORG1,"Caja organizador - 11cm x 11cm x 7cm","1507,485",
ORG2,"Caja organizador - 15cm x 15cm x 12cm","1573,005",
ORG3,"Caja organizador - 22cm x 14cm x 12cm","2693,145",
ORG4,"Caja organizador - 30cm x 20cm x 16cm","4566,03",
,"Cajon frutero MDF",0,"TODO en accesorios para hogar > Cajas y organizadores, TODO en accesorios para hogar"
TP,"Tabla para pizza","14114,52","TODO en accesorios para hogar > Bandejas y tablas, TODO en accesorios para hogar"
,"Torneta ceramica",,"Artística, Artística > Linea ceramica"
TORNE20,"Torneta ceramica - 20cm","12234,915",
TORNE25,"Torneta ceramica - 25cm","21750,96",
TORNE30,"Torneta ceramica - 30cm","24469,83",
,"Pizarra Mini Caballete",,"Artística, TODO en accesorios para hogar > Pizarras, Artística > Productos para artistica, Candy bar y LASER > Souvenirs"
PIZSC,"Pizarra Mini Caballete - 12cm x 18cm","3834,285",
PIZSM,"Pizarra Mini Caballete - 20cm x 30cm","6901,755",
MRB40,"Mesa Ratona Redonda de Pino y Melamina – Ø40 cm","59320,7055","Muebles > Mesas ratonas, Muebles"
,"Cajas de té - Tapa ciega",,"TODO en accesorios para hogar > Cajas y organizadores, TODO en accesorios para hogar"
TE49,"Cajas de té - Tapa ciega - 4","7806,645",
TE29,"Cajas de té - Tapa ciega - 2","6661,41",
TE69,"Cajas de té - Tapa ciega - 6","8383,305",
TE99,"Cajas de té - Tapa ciega - 9","10611,3",
,"Caja de te MDF - Tapa con vidrio",,"TODO en accesorios para hogar > Cajas y organizadores"
TVF2,"Caja de te MDF - Tapa con vidrio - 2","10567,095",
TVF4,"Caja de te MDF - Tapa con vidrio - 4","16347,24",
TVF6,"Caja de te MDF - Tapa con vidrio - 6","17944,542",
TVF9,"Caja de te MDF - Tapa con vidrio - 9","18025,455",
TVF12,"Caja de te MDF - Tapa con vidrio - 12","25149,6",
,"Caja de té pino - Tapa con vidrio",,"TODO en accesorios para hogar > Cajas y organizadores, TODO en accesorios para hogar"
TEV4,"Caja de té pino - Tapa con vidrio - 4","17604,72",
TEV6,"Caja de té pino - Tapa con vidrio - 6","21377,16",
TEV12,"Caja de té pino - Tapa con vidrio - 12","26407,08",
,"Caja de pino c/ broche",,"TODO en accesorios para hogar > Cajas y organizadores, TODO en accesorios para hogar"
P10155,"Caja de pino c/ broche - 10cm x 15cm x 5cm","7818,51",
P102010,"Caja de pino c/ broche - 10cm x 20cm x 10cm","8601,81",
P151510,"Caja de pino c/ broche - 15cm x 15cm x 10cm","9679,635",
P15155,"Caja de pino c/ broche - 15cm x 15cm x 5cm","10733,835",
P15157,"Caja de pino c/ broche - 15cm x 15cm x 7cm","10849,125",
P15205,"Caja de pino c/ broche - 15cm x 20cm x 5cm","10078,11",
P15207,"Caja de pino c/ broche - 15cm x 20cm x 7cm","9964,29",
P202010,"Caja de pino c/ broche - 20cm x 20cm x 10cm","16822,995",
P20205,"Caja de pino c/ broche - 20cm x 20cm x 5cm","15701,49",
P20207,"Caja de pino c/ broche - 20cm x 20cm x 7cm","15701,49",
P202510,"Caja de pino c/ broche - 20cm x 25cm x 10cm","17944,5",
P20255,"Caja de pino c/ broche - 20cm x 25cm x 5cm","18862,2",
P20257,"Caja de pino c/ broche - 20cm x 25cm x 7cm","18862,2",
P203010,"Caja de pino c/ broche - 20cm x 30cm x 10cm","21377,16",
P20307,"Caja de pino c/ broche - 20cm x 30cm x 7cm","20119,68",
,"Caja de pino c/ broche - 20cm x 30cm x 5cm",0,
,"Cajas octogonales",,"TODO en accesorios para hogar > Cajas y organizadores, TODO en accesorios para hogar"
OC,"Cajas octogonales - Chica","3924,795",
OM,"Cajas octogonales - Mediana","5349,015",
OG,"Cajas octogonales - Grande","6385,89",
,"Cajas MDF c/ broche",,"TODO en accesorios para hogar > Cajas y organizadores, TODO en accesorios para hogar"
,"Cajas MDF c/ broche - 10cm x 15cm x 5cm",0,
,"Cajas MDF c/ broche - 15cm x 20cm x 5cm",0,
,"Cajas MDF c/ broche - 20cm x 20cm x10cm",0,
,"Cajas MDF c/ broche - 20cm x 20cm x 7cm",0,
,"Cajas MDF c/ broche - 20cm x 25cm x 10cm",0,
,"Cajas MDF c/ broche - 20cm x 25cm x 7cm",0,
,"Cajas MDF c/ broche - 20cm x 30cm x 10cm",0,
,"Cajas MDF c/ broche - 20cm x 30cm x 7cm",0,
,"Caja cubo MDF",,"TODO en accesorios para hogar > Cajas y organizadores, TODO en accesorios para hogar"
C6,"Caja cubo MDF - 6cm","5051,445",
C7,"Caja cubo MDF - 7cm","5310,375",
C15,"Caja cubo MDF - 15cm","9852,675",
C20,"Caja cubo MDF - 20cm","14043,855",
C25,"Caja cubo MDF - 25cm","17993,745",
C30,"Caja cubo MDF - 30cm","23918,58",
C10,"Caja cubo MDF - 10cm","7021,98",
,"Caja MDF zapato",,"TODO en accesorios para hogar > Cajas y organizadores, TODO en accesorios para hogar"
Z1010,"Caja MDF zapato - 10cm x 10cm x 6cm","4669,035",
Z1015,"Caja MDF zapato - 10cm x 15cm x 6cm","5067,615",
Z1515,"Caja MDF zapato - 15cm x 15cm x 8cm","5978,7",
Z1520,"Caja MDF zapato - 15cm x 20cm x 8cm","7570,605",
Z2020,"Caja MDF zapato - 20cm x 20cm x 9cm","8821,155",
Z2025,"Caja MDF zapato - 20cm x 25cm x 10cm","9348,045",
Z2030,"Caja MDF zapato - 20cm x 30cm x 11cm","12617,535",
Z2525,"Caja MDF zapato - 25cm x 25cm x 11cm","12617,535",
Z2535,"Caja MDF zapato - 25cm x 25cm x 12cm","15667,785",
Z3030,"Caja MDF zapato - 30cm x 30cm x 12cm","14702,205",
Z305020,"Caja MDF zapato - 30cm x 50cm x 20cm","15733,305",
Z3545,"Caja MDF zapato - 35cm x 45cm x 15cm","12185,145",
Z354520,"Caja MDF zapato - 35cm x 45cm x 20cm","15733,515",
CVS,"Caja porta sahumerio","8966,6115","TODO en accesorios para hogar > Cajas y organizadores, TODO en accesorios para hogar"
AAC,"PACK x6 animalitos apilables","5957,175","TODO PARA INFANTILES > Juegos didácticos, TODO PARA INFANTILES"
,"Cubo melamina",,"Muebles, Muebles > Repisas"
CM3030,"Cubo melamina - 30cm x 30cm","25707,57",
CM3040,"Cubo melamina - 30cm x 40cm","28645,89",
CM4040,"Cubo melamina - 40cm x 40cm","31572,345",
,"Cubo pino",,"Muebles, Muebles > Repisas"
,"Cubo pino - 20cm x 20cm x 20cm","12642,735",
,"Cubo pino - 20cm x 30cm x 20cm","15741,852",
,"Cubo pino - 20cm x 40cm x 20cm","16190,7165",
CP3040,"Cubo pino - 30cm x 40cm x20cm","21984,27",
,"Cubo pino - 30cm x 30cm x 20cm","18896,1255",
,"Cubo pino - 40cm x 40cm x 20cm","25829,223",
,"Bolitas de madera",,"Artística, Artística > Productos para artistica"
BO8,"Bolitas de madera - 8mm",63,
B10,"Bolitas de madera - 10mm","88,83",
B13,"Bolitas de madera - 13mm","92,4",
B16,"Bolitas de madera - 16mm","114,24",
B19,"Bolitas de madera - 19mm","182,175",
B23,"Bolitas de madera - 23mm","248,22",
B26,"Bolitas de madera - 26mm","360,465",
B29,"Bolitas de madera - 29mm","380,625",
B35,"Bolitas de madera - 35mm","597,03",
B40,"Bolitas de madera - 40mm","1065,015",
B45,"Bolitas de madera - 45mm","1199,1",
B60,"Bolitas de madera - 60mm","2644,11",
,"Argollas de madera natural",,Cortineria
an14,"Argollas de madera natural - 14mm","241,185",
an22,"Argollas de madera natural - 22mm","322,245",
AN33,"Argollas de madera natural - 33mm","484,68",
,"Argollas de madera teñida",,Cortineria
AT14,"Argollas de madera teñida - 14mm","354,69",
AT22,"Argollas de madera teñida - 22mm","449,82",
AT33,"Argollas de madera teñida - 33mm","627,69",
MO176,"Terminación  1/4 x 3/4","2644,6245","Molduras, Molduras > Molduras para obra, Molduras > Molduras para obra > Terminaciones"
MO102,"Zocalo - 1/2 x 3","5487,804","Molduras, Molduras > Molduras para obra, Molduras > Molduras para obra > Zócalos"
MO111,"Zocalo - 1/2 x 4","6665,4273","Molduras, Molduras > Molduras para obra, Molduras > Molduras para obra > Zócalos"
MO109,"Zocalo - 3/4 x 2","4545,1161","Molduras, Molduras > Molduras para obra, Molduras > Molduras para obra > Zócalos"
MO110,"Zocalo - 3/4 x 3","6942,411525","Molduras, Molduras > Molduras para obra, Molduras > Molduras para obra > Zócalos"
MO152,"Terminación 1/4 x 3/4","2437,743","Molduras, Molduras > Molduras para obra, Molduras > Molduras para obra > Terminaciones"
MO112,"Zocalo - 3/4 x 4","9647,7234","Molduras, Molduras > Molduras para obra, Molduras > Molduras para obra > Zócalos"
MO153,"Terminación 1/2 x 1","2644,68855","Molduras > Molduras para obra > Terminaciones"
MO175,"Terminación 1/4 x 1/2","2437,743","Molduras, Molduras > Molduras para obra, Molduras > Molduras para obra > Terminaciones"
MO108,"Zocalo - 3/4 x 3 - Moldurado","7149,261","Molduras, Molduras > Molduras para obra, Molduras > Molduras para obra > Zócalos"
MO173,"Terminación - 3/4 X 1 1/2","5550,25275","Molduras, Molduras > Molduras para obra, Molduras > Molduras para obra > Terminaciones"
MO105,"Zocalos - 3/4 x 4 - Moldurado","9549,2145","Molduras, Molduras > Molduras para obra, Molduras > Molduras para obra > Zócalos"
MO150,"Terminación 1/2 x 3/4","2393,5485","Molduras, Molduras > Molduras para obra, Molduras > Molduras para obra > Terminaciones"
MO174,"Terminación 3/4 x 1","4303,83975","Molduras, Molduras > Molduras para obra, Molduras > Molduras para obra > Terminaciones"
MO170,"Terminación 1/4 x 1","2644,6245","Molduras, Molduras > Molduras para obra, Molduras > Molduras para obra > Terminaciones"
MO160,"Terminación 3/4 x 2","7721,54775","Molduras, Molduras > Molduras para obra, Molduras > Molduras para obra > Terminaciones"
MO200,"Contramarco - 1/2 x 2","3062,2305","Molduras > Molduras para obra > Contramarcos, Molduras, Molduras > Molduras para obra"
MO168,"Terminación  1 1/2 x 2","11885,118","Molduras, Molduras > Molduras para obra, Molduras > Molduras para obra > Terminaciones"
MO300,"Rinconero 1 x 1","3194,814","Molduras, Molduras > Molduras para obra, Molduras > Molduras para obra > Rinconeros"
MO201,"Contramarcos - 1/2 x 2 1/2","3885,59325","Molduras > Molduras para obra > Contramarcos, Molduras, Molduras > Molduras para obra"
MO209,"Contramarcos - 1/2 x 4","6667,92525","Molduras > Molduras para obra > Contramarcos, Molduras, Molduras > Molduras para obra"
MO212,"Contramarco - 1/2 x 3","5279,96175","Molduras > Molduras para obra > Contramarcos, Molduras, Molduras > Molduras para obra"
MO305,"Rinconero - 1 x 1 1/2","4996,86075","Molduras, Molduras > Molduras para obra, Molduras > Molduras para obra > Rinconeros"
MO308,"Rinconero - 3/4 x 3/4","2732,69325","Molduras, Molduras > Molduras para obra, Molduras > Molduras para obra > Rinconeros"
MO450,"Antepecho - 1 x 3","9173,241","Molduras > Molduras para obra > Antepecho, Molduras, Molduras > Molduras para obra"
M0306,"Rinconero - 1 1/2 x 1 1/2","7506,46785","Molduras, Molduras > Molduras para obra, Molduras > Molduras para obra > Rinconeros"
MO453,"Antepecho - 1 1/2 x 3","18337,83525","Molduras > Molduras para obra > Antepecho, Molduras, Molduras > Molduras para obra"
MO550,"Pasamanos - 2 x 3","25555,3095","Molduras, Molduras > Molduras para obra, Molduras > Molduras para obra > Pasamanos"
mo551,"Pasamanos - 1 1/2 x 3","20275,668","Molduras > Molduras para obra, Molduras > Molduras para obra > Pasamanos"
MO552,"Pasamanos - 2 x 2","18060,49875","Molduras, Molduras > Molduras para obra, Molduras > Molduras para obra > Pasamanos"
MO407,"Esquinero - 3/4 x 3/4","3306,261","Molduras > Molduras para obra > Esquineros, Molduras, Molduras > Molduras para obra"
MO400,"Esquinero - 1 x 1","3476,95425","Molduras > Molduras para obra > Esquineros, Molduras, Molduras > Molduras para obra"
MO402,"Esquinero - 1 1/2 x 1 1/2","7368,9525","Molduras > Molduras para obra > Esquineros, Molduras, Molduras > Molduras para obra"
MO406,"Esquinero - 2 x 2","12729,9375","Molduras > Molduras para obra > Esquineros, Molduras, Molduras > Molduras para obra"
MO404,"Esquinero - 1 x 1 1/2","5133,92775","Molduras > Molduras para obra > Esquineros, Molduras, Molduras > Molduras para obra"
MO650,"Guarda silla - 3/4 x 4","10839,1815","Molduras > Molduras para obra > Guardasilla, Molduras, Molduras > Molduras para obra"
MO651,"Guardasilla - 1/2 x 3","5207,58525","Molduras > Molduras para obra > Guardasilla, Molduras, Molduras > Molduras para obra"
MO602,"Contravidrio - 3/4 x 3/4","2852,1465","Molduras > Molduras para obra > Contravidrio, Molduras, Molduras > Molduras para obra"
MO607,"Contravidrio -  1/2 x 1/2","2270,5725","Molduras > Molduras para obra > Contravidrio, Molduras, Molduras > Molduras para obra"
MO605,"Contravidrio - 1/2 x 1/2","2270,5725","Molduras > Molduras para obra > Contravidrio, Molduras, Molduras > Molduras para obra"
MO600,"Contravidrio 1/2 x 3/4","2292,02925","Molduras > Molduras para obra > Contravidrio, Molduras, Molduras > Molduras para obra"
MO603,"Contravidrio - 3/4 x 3/4 Moldurado.","2852,1465","Molduras > Molduras para obra > Contravidrio, Molduras, Molduras > Molduras para obra"
MO609,"Contravidrio - 1/2 x 1","2607,4755","Molduras > Molduras para obra > Contravidrio, Molduras"
MO801,"Tapacinta - 1x4","15583,365","Molduras, Molduras > Molduras para obra, Molduras > Molduras para obra > Tapacinta"
MO802,"Tapacinta - 1 x 4","15585,2865","Molduras, Molduras > Molduras para obra, Molduras > Molduras para obra > Tapacinta"
MO510,"Tapajunta - 1/4 x 1/2","1848,483","Molduras, Molduras > Molduras para obra, Molduras > Molduras para obra > Tapajunta"
MO500,"Tapajunta - 1/4 x 1","2159,1255","Molduras, Molduras > Molduras para obra, Molduras > Molduras para obra > Tapajunta"
MO511,"Tapajunta - 1/2 x 1 1/2","5164,992","Molduras, Molduras > Molduras para obra, Molduras > Molduras para obra > Tapajunta"
MO506,"Tapajunta - 1/4 x 3/4","2295,23175","Molduras, Molduras > Molduras para obra, Molduras > Molduras para obra > Tapajunta"
MO501,"Tapajunta - 1/4 x 1","2906,589","Molduras, Molduras > Molduras para obra, Molduras > Molduras para obra > Tapajunta"
MO503,"Tapajunta - 1/4 x 1 1/2","3468,3075","Molduras, Molduras > Molduras para obra, Molduras > Molduras para obra > Tapajunta"
MO512,"Tapajunta MOLDURADO - 1/4 x 1","2483,2185","Molduras, Molduras > Molduras para obra, Molduras > Molduras para obra > Tapajunta"
MO502,"Tapajunta MOLDURADO - 1/4 x 1 1/2","2912,67375","Molduras, Molduras > Molduras para obra, Molduras > Molduras para obra > Tapajunta"
MO505,"Tapajunta - 1/4 x 2","4033,869","Molduras, Molduras > Molduras para obra, Molduras > Molduras para obra > Tapajunta"
30105,"Listón - 1/2 x 1/2","1119,91425",Listoneria
30107,"Listón – 1/2 x 1","1851,36525",Listoneria
30108,"Listón - 1/2 x 1 1/2","2812,4355",Listoneria
30109,"Listón - 1/2 x 2","3569,5065",Listoneria
30110,"Listón - 1/2 x 3","5333,4435",Listoneria
30122,"Listón - 3/4 x 3/4","2162,64825",Listoneria
30123,"Listón – 3/4 x 1","2590,182",Listoneria
30124,"Listón – 3/4 x 1 1/2","4010,49075",Listoneria
30125,"Listón - 3/4 x 2","5347,21425",Listoneria
30126,"Listón - 3/4  x 3","7976,787",Listoneria
30138,"Listón - 1 x 1","3266,22975",Listoneria
30139,"Listón - 1 x 1 1/2","4797,02475",Listoneria
30140,"Listón - 1 x 2","6401,7975",Listoneria
30141,"Listón - 1 x 3","9644,32875",Listoneria
30153,"Listón - 1 1/2 x 1 1/2","7979,66925",Listoneria
30154,"Listón - 1 1/2 x 2","10653,4365",Listoneria
30155,"Listón - 1 1/2 x 3","15961,9005",Listoneria
30170,"Listón - 2 x 2","14532,62475",Listoneria
30171,"Listón - 2 x 3","21954,09825",Listoneria
30172,"Listón - 2 x 4","29071,014",Listoneria
30111,"Listón - 1/2 x 4","7088,09325",Listoneria
30112,"Listón - 1/2 x 5","8870,2845",Listoneria
30127,"Listón - 3/4 x 4","10635,82275",Listoneria
30128,"Listón - 3/4 x  5","13356,66675",Listoneria
30129,"Listón - 3/4 x 6","12991,902",Listoneria
30142,"Listón - 1 x 4","12825,05175",Listoneria
30143,"Listón - 1 x 5","16016,9835",Listoneria
30144,"Listón - 1 x 6","19285,13475",Listoneria
30106,"Listón 1/2 x 3/4","1638,71925",Listoneria
,"Multicubo melamina",0,"Productos a medida"
,"Cubre radiador",0,"Productos a medida"
,"Cajonera de melamina",0,"Productos a medida"
,"Cama de pino",0,"Productos a medida"
,"Gabinete con estantes.",0,"Productos a medida"
,"Mesa barra pino.",0,"Productos a medida"
,"Escritorio infantil.",0,"Productos a medida, TODO PARA INFANTILES"
,"Gabinete doble.",0,"Productos a medida"
,"Mueble varillado con cajones.",0,"Productos a medida"
,"Escritorio de melamina negra",0,"Productos a medida"
,"Gabinete doble.",0,"Productos a medida"
,"Mueble organizador.",0,"Productos a medida"
,"Placard melamina blanca.",0,"Productos a medida"
,"Mesa recibidora melamina",0,"Productos a medida"
BIOMCAL,"Biombo Separador de ambientes","60450,6","Candy bar y LASER, Candy bar y LASER > Paneles y biombos"
,"Soporte torneado natural",,Cortineria
STN14,"Soporte torneado natural - 14mm","1509,9",
STN22,"Soporte torneado natural - 22mm","2134,65",
STN33,"Soporte torneado natural - 33m","3301,095",
,"Soporte torneado teñido",,Cortineria
STT14,"Soporte torneado teñido - 14mm","1988,07",
STT22,"Soporte torneado teñido - 22mm","2753,1",
STT33,"Soporte torneado teñido - 33mm","4265,94",
SDNB,"Soporte doble natural c/base","7107,45",Cortineria
,"Tablero terciado de pino 3mm",,"Placas de madera y cortes"
TERCIA1/2,"Tablero terciado de pino 3mm - 1/2 placa","17960,1975",
TERCIA1,"Tablero terciado de pino 3mm - Placa entera","27631,065",
,"Placa melamina blanca 18mm",,"Placas de madera y cortes"
MELA1/2,"Placa melamina blanca 18mm - 1/2 placa","63013,692",
MELA1,"Placa melamina blanca 18mm - Placa entera","96944,1375",
R17100,"Repisas melamina - 100cm x 17cm",0,
E4MB60,"Estante cuadrado de melamina - 30CM X 60CM X 100CM","82872,72",
,"Pizarra Mini Caballete",0,"Sin categorizar"
,"Bolitas de madera",0,"Sin categorizar"
BF1515,"Bastidor plegado FF5 - 15cm x 15cm","1785,357",
BF2025,"Bastidor plegado FF5 - 20cm x 25cm","3158,778",
BF2525,"Bastidor plegado FF5 - 25cm x 25cm","3699,3915",
BF1530,"Bastidor plegado FF5 - 15cm x 30cm","2953,23",
BF2530,"Bastidor plegado FF5 - 30cm x 25cm","4257,6555",
BF3030,"Bastidor plegado FF5 - 30cm x 30cm","4945,3425",
BF2050,"Bastidor plegado FF5 - 20cm x 50cm","5494,4715",
BF3040,"Bastidor plegado FF5 - 30cm x 40cm","6181,3605",
BF4040,"Bastidor plegado FF5 - 40cm x 40cm","7830,0705",
BF3050,"Bastidor plegado FF5 - 30cm x 50cm","7555,1805",
BF2070,"Bastidor plegado FF5 - 20cm x 70cm","7830,0705",
BF3060,"Bastidor plegado FF5 - 30cm x 60cm","8722,3395",
,"Bastidor plegado FF5 - 40cm x 50cm","9477,4365",
BF3070,"Bastidor plegado FF5 - 30cm x 70cm","10026,2505",
,"Bastidor plegado FF5 - 40cm x 60cm",0,
,"Bastidor plegado FF5 - 50cm x 50cm",0,
,"Bastidor plegado FF5 - 30cm x 80cm",0,
,"Bastidor plegado FF5 - 30cm x 90cm",0,
,"Bastidor plegado FF5 - 40cm x 70cm",0,
,"Bastidor plegado FF5 - 50cm x 60cm",0,
,"Bastidor plegado FF5 - 50cm x 70cm",0,
,"Bastidor plegado FF5 - 50cm x 80cm",0,
,"Bastidor plegado FF5 - 60cm x 80cm",0,
,"Bastidor plegado FF5 - 60cm x 90cm",0,
,"Bastidor plegado FF5 - 50cm x 100cm",0,
,"Bastidor plegado FF5 - 80cm x 100cm",0,
BF2060,"Bastidor plegado FF5 - 20cm x 60cm","6456,0405",
BF2020,"Bastidor plegado FF5 - 20cm x 20cm","2679,558",
BF60,"Baúl FF - 60cm x 40cm x 40cm","57201,564",
BF80,"Baúl FF - 80cm x 40cm x 40cm","76268,703",
BF80100,"Bastidor plegado FF5 - 80cm x 100cm","32004,9975",
BF50100,"Bastidor plegado FF5 - 50cm x 100cm","21291,5115",
BF6090,"Bastidor plegado FF5 - 60cm x 90cm","22390,8195",
BF6080,"Bastidor plegado FF5 - 60cm x 80cm","20192,7075",
BF5080,"Bastidor plegado FF5 - 50cm x 80cm","17171,6055",
BF5070,"Bastidor plegado FF5 - 50cm x 70cm","15247,554",
BF5060,"Bastidor plegado FF5 - 50cm x 60cm","13324,227",
BF4070,"Bastidor plegado FF5 - 40cm x 70cm","12636,771",
BF3090,"Bastidor plegado FF5 - 30cm x 90cm","12636,771",
BF3080,"Bastidor plegado FF5 - 30cm x 80cm","11334,036",
BF5050,"Bastidor plegado FF5 - 50cm x 50cm","11347,0035",
BF4060,"Bastidor plegado FF5 - 40cm x 60cm","10989,846",
SANVAN,"Bandeja Te Amo &#x2764;&#xfe0f;",,"TODO en accesorios para hogar > Bandejas y tablas, Especial SAN VALENTÍN♡, TODO en accesorios para hogar"
,"Bandeja Te Amo &#x2764;&#xfe0f; - 20cm x 30cm","5512,5",
,"Bandeja Te Amo &#x2764;&#xfe0f; - 25cm x 35cm",6510,
,"Bandeja Te Amo &#x2764;&#xfe0f; - 30cm x 40cm","8478,75",
,"Bandejas laser 20cm x 30cm",7875,"TODO en accesorios para hogar > Bandejas y tablas, Especial SAN VALENTÍN♡, TODO en accesorios para hogar"
,"Portarretratos 3 fotos ""Love""","22312,5","Especial SAN VALENTÍN♡"
,"Portarretratos ""Juntos a la par""",13125,"Especial SAN VALENTÍN♡"
,"Portarretratos ""Te amo""",33075,"Especial SAN VALENTÍN♡"
,"Portarretratos ""Nada como ir juntos a la par""",33075,"Especial SAN VALENTÍN♡"
,"Caja corazón",,"Especial SAN VALENTÍN♡"
,"Caja corazón - Chica","1640,1",
,"Caja corazón - Mediana","1724,1",
,"Caja corazón - Grande","2846,55",
,"Porta llavero de UP - Especial San Valentín","2299,5","Especial SAN VALENTÍN♡"
,"Frases para complementos 7cm - Especial San Valentín",630,"Especial SAN VALENTÍN♡"
,"Cajon de fruta - MDF",,"TODO en accesorios para hogar > Cajas y organizadores, Especial SAN VALENTÍN♡, TODO en accesorios para hogar"
,"Cajon de fruta - MDF - 10cm x 15cm","3449,25",
,"Cajon de fruta - MDF - 15cm x 20cm","4156,95",
,"Cajon de fruta - MDF - 20cm x 30cm","5688,9",
,"COMBO ""ART DATE""",58275,"Especial SAN VALENTÍN♡"
,"COMBO ""MARCO LOVE""","44089,5","Especial SAN VALENTÍN♡"
,"COMBO ""CREAR CON AMOR""",58275,"Especial SAN VALENTÍN♡"
MR50100,"Mesa ratona de melamina 100cm x 50cm x 45cm (h)","95160,345","Muebles > Mesas ratonas, Muebles"
,"Escritorio enchapado en paraíso",383250,"Muebles > Escritorios y tocadores, Muebles"
,"Repisa especiero de pino - c/base en melamina blanca.",0,"Muebles, Muebles > Repisas"
,"Porta velas 15cm - Mariposa","20871,0075","Candy bar y LASER, Candy bar y LASER > Carteles y frases, Candy bar y LASER > Paneles y biombos, Candy bar y LASER > Productos candy bar"
PORTAV15,"Porta velas 15cm - Corona","20871,0075","Candy bar y LASER, Candy bar y LASER > Letras y numeros, Candy bar y LASER > Paneles y biombos, Candy bar y LASER > Productos candy bar"
,"Repisa exhibidora de pino",0,"Candy bar y LASER, Muebles, Candy bar y LASER > Productos candy bar, Muebles > Repisas"
,"Mesa ratona recta NEGRA -  80cm x 40cm x 45cm (h)","64078,4235","Muebles > Mesas ratonas, Muebles"
,"Placard melamina blanca",482790,"Muebles > Cajoneras, Muebles > Estanterías, Muebles, Muebles > Placars"
,"Cajonera fibro fácil c/ melamina blanca",,"Muebles > Cajoneras, Muebles"
CAJM4,"Cajonera fibro fácil c/ melamina blanca - 4 cajones",167706,
CAJM5,"Cajonera fibro fácil c/ melamina blanca - 5 cajones","199150,875",
CAJM6,"Cajonera fibro fácil c/ melamina blanca - 6 cajones",251559,
,"Escritorio nórdico 1 cajón - 100cm de ancho","184789,5",
EN2C,"Escritorio nórdico 1 cajón - 120cm de ancho","207532,5",
